timestamp,open,high,low,close,volume
2020-08-11 06:00:00,2.85,2.85,2.85,2.85,3.6
2020-08-11 06:01:00,2.85,2.85,2.85,2.85,0.0
2020-08-11 06:02:00,2.85,2.85,2.85,2.85,0.0
2020-08-11 06:03:00,3.4699,3.47,3.0003,3.0003,3410.31
2020-08-11 06:04:00,3.1852,3.1852,3.1852,3.1852,313.95
2020-08-11 06:05:00,3.1846,3.47,3.1846,3.47,1054.37
2020-08-11 06:06:00,3.215,3.215,3.189,3.2,892.21
2020-08-11 06:07:00,3.19,3.19,3.189,3.189,205.7
2020-08-11 06:08:00,3.1846,3.1846,3.1846,3.1846,130.71
2020-08-11 06:09:00,3.1846,3.1846,3.1846,3.1846,0.0
2020-08-11 06:10:00,3.1846,3.1846,3.1846,3.1846,0.0
2020-08-11 06:11:00,3.1846,3.1846,3.1846,3.1846,0.0
2020-08-11 06:12:00,3.1655,3.1655,3.1655,3.1655,3.17
2020-08-11 06:13:00,3.1655,3.1655,3.1655,3.1655,101.8
2020-08-11 06:14:00,3.1655,3.1655,3.1655,3.1655,0.0
2020-08-11 06:15:00,3.1655,3.1655,3.1655,3.1655,8.89
2020-08-11 06:16:00,3.3564,3.3564,3.1358,3.1358,199.04
2020-08-11 06:17:00,3.1358,3.1358,3.1358,3.1358,0.0
2020-08-11 06:18:00,3.1358,3.1358,3.1358,3.1358,0.0
2020-08-11 06:19:00,3.3564,3.3564,3.3564,3.3564,30.0
2020-08-11 06:20:00,3.1993,3.3564,3.18,3.18,1791.22
2020-08-11 06:21:00,3.1861,3.1861,3.1554,3.1554,278.59
2020-08-11 06:22:00,3.156,3.18,3.156,3.1561,217.76
2020-08-11 06:23:00,3.156,3.156,3.15,3.15,20.93
2020-08-11 06:24:00,3.15,3.15,3.15,3.15,0.0
2020-08-11 06:25:00,3.15,3.15,3.15,3.15,0.0
2020-08-11 06:26:00,3.15,3.15,3.15,3.15,0.0
2020-08-11 06:27:00,3.136,3.136,3.136,3.136,259.0
2020-08-11 06:28:00,3.136,3.136,3.136,3.136,7.68
2020-08-11 06:29:00,3.136,3.136,3.136,3.136,0.0
2020-08-11 06:30:00,3.136,3.136,3.136,3.136,13.0
2020-08-11 06:31:00,3.136,3.136,3.136,3.136,0.0
2020-08-11 06:32:00,3.0706,3.0706,3.055,3.055,3006.3
2020-08-11 06:33:00,3.0161,3.0161,3.0161,3.0161,37.94
2020-08-11 06:34:00,3.0052,3.0059,3.0003,3.0003,1362.54
2020-08-11 06:35:00,3.0002,3.0161,3.0,3.0161,1061.33
2020-08-11 06:36:00,2.998,2.998,2.992,2.998,1070.35
2020-08-11 06:37:00,2.98,2.9952,2.971,2.9952,1456.82
2020-08-11 06:38:00,2.9952,2.9952,2.9772,2.9772,38.13
2020-08-11 06:39:00,2.9949,2.9949,2.9949,2.9949,168.0
2020-08-11 06:40:00,2.9949,2.9949,2.9949,2.9949,0.0
2020-08-11 06:41:00,2.972,2.972,2.9054,2.9054,450.0
2020-08-11 06:42:00,3.0288,3.0288,3.0288,3.0288,335.77
2020-08-11 06:43:00,2.9665,2.9665,2.9665,2.9665,207.46
2020-08-11 06:44:00,2.9665,2.9665,2.9665,2.9665,0.0
2020-08-11 06:45:00,3.0033,3.0033,2.9712,2.9712,183.37
2020-08-11 06:46:00,2.9712,2.9712,2.9712,2.9712,0.0
2020-08-11 06:47:00,3.0032,3.0032,3.0032,3.0032,12.1
2020-08-11 06:48:00,3.0032,3.0032,3.0032,3.0032,0.0
2020-08-11 06:49:00,3.0032,3.0032,3.0032,3.0032,0.0
2020-08-11 06:50:00,2.9703,3.0032,2.9703,3.0032,192.72
2020-08-11 06:51:00,3.0032,3.0032,3.0032,3.0032,0.0
2020-08-11 06:52:00,3.0113,3.0113,3.0032,3.0032,197.2
2020-08-11 06:53:00,2.9707,3.0,2.9707,3.0,220.2
2020-08-11 06:54:00,3.0,3.0,3.0,3.0,100.0
2020-08-11 06:55:00,2.9701,2.9701,2.9701,2.9701,18.11
2020-08-11 06:56:00,2.9701,2.9701,2.9701,2.9701,0.0
2020-08-11 06:57:00,2.9703,2.9704,2.9515,2.9515,959.99
2020-08-11 06:58:00,2.9515,2.9515,2.9515,2.9515,0.0
2020-08-11 06:59:00,2.9515,2.9515,2.9515,2.9515,12.0
2020-08-11 07:00:00,2.9515,2.9643,2.9515,2.9643,798.11
2020-08-11 07:01:00,2.9712,2.9712,2.9712,2.9712,7.0
2020-08-11 07:02:00,2.9712,2.9712,2.9712,2.9712,0.0
2020-08-11 07:03:00,3.0122,3.0122,3.0122,3.0122,51.47
2020-08-11 07:04:00,3.0122,3.0122,3.0122,3.0122,0.0
2020-08-11 07:05:00,3.0122,3.0122,3.0122,3.0122,0.0
2020-08-11 07:06:00,3.0122,3.0122,3.0,3.0,42.71
2020-08-11 07:07:00,3.0,3.0,3.0,3.0,0.0
2020-08-11 07:08:00,3.0194,3.0194,3.0037,3.0037,1311.53
2020-08-11 07:09:00,3.0037,3.0037,3.0037,3.0037,0.0
2020-08-11 07:10:00,3.0037,3.0037,3.0037,3.0037,0.0
2020-08-11 07:11:00,3.0037,3.0037,3.0037,3.0037,0.0
2020-08-11 07:12:00,3.0194,3.1355,3.0194,3.1355,1696.26
2020-08-11 07:13:00,3.038,3.1355,3.0151,3.0301,1519.54
2020-08-11 07:14:00,3.0446,3.0446,3.03,3.031,296.82
2020-08-11 07:15:00,3.0308,3.0311,3.0308,3.031,143.1
2020-08-11 07:16:00,3.031,3.031,3.0301,3.0307,222.28
2020-08-11 07:17:00,3.0307,3.043,3.0307,3.043,1792.03
2020-08-11 07:18:00,3.043,3.043,3.043,3.043,0.0
2020-08-11 07:19:00,3.043,3.043,3.0314,3.0423,107.57
2020-08-11 07:20:00,3.0423,3.0423,3.0316,3.0316,48.53
2020-08-11 07:21:00,3.0316,3.0316,3.0316,3.0316,0.0
2020-08-11 07:22:00,3.0318,3.0318,3.0318,3.0318,56.77
2020-08-11 07:23:00,3.0318,3.0318,3.0318,3.0318,0.0
2020-08-11 07:24:00,3.0322,3.0543,3.0314,3.0314,2638.01
2020-08-11 07:25:00,3.0314,3.0314,3.0314,3.0314,418.0
2020-08-11 07:26:00,3.0314,3.0345,3.0311,3.0345,349.32
2020-08-11 07:27:00,3.0311,3.0463,3.031,3.0463,806.13
2020-08-11 07:28:00,3.0345,3.0345,3.0345,3.0345,757.59
2020-08-11 07:29:00,3.0345,3.0345,3.0345,3.0345,0.0
2020-08-11 07:30:00,3.0345,3.0345,3.0345,3.0345,0.0
2020-08-11 07:31:00,3.104,3.104,3.0374,3.0374,154.57
2020-08-11 07:32:00,3.0345,3.0345,3.0345,3.0345,1159.74
2020-08-11 07:33:00,3.0476,3.1089,3.0476,3.1089,115.32
2020-08-11 07:34:00,3.031,3.0311,3.0068,3.0068,445.39
2020-08-11 07:35:00,3.0066,3.0424,2.978,2.993,7906.35
2020-08-11 07:36:00,2.993,2.993,2.993,2.993,0.0
2020-08-11 07:37:00,2.993,2.993,2.993,2.993,0.0
2020-08-11 07:38:00,2.9695,2.9695,2.9695,2.9695,17.92
2020-08-11 07:39:00,2.9695,2.9695,2.9695,2.9695,234.21
2020-08-11 07:40:00,2.9569,2.9569,2.9,2.9107,1966.07
2020-08-11 07:41:00,2.9476,2.9476,2.88,2.89,5218.89
2020-08-11 07:42:00,2.8978,2.9221,2.89,2.9221,2854.39
2020-08-11 07:43:00,2.9177,2.9177,2.9002,2.9084,165.73
2020-08-11 07:44:00,2.9004,2.9004,2.9004,2.9004,481.89
2020-08-11 07:45:00,2.9036,2.9036,2.9015,2.9016,749.81
2020-08-11 07:46:00,2.9084,2.9108,2.9084,2.9108,11.13
2020-08-11 07:47:00,2.9084,2.9084,2.9084,2.9084,10.0
2020-08-11 07:48:00,2.9084,2.9084,2.9084,2.9084,0.0
2020-08-11 07:49:00,2.9255,2.9255,2.9255,2.9255,557.72
2020-08-11 07:50:00,2.9209,2.9281,2.9209,2.9209,191.64
2020-08-11 07:51:00,2.9209,2.9209,2.9209,2.9209,105.46
2020-08-11 07:52:00,2.931,2.931,2.931,2.931,23.9
2020-08-11 07:53:00,2.931,2.9312,2.9281,2.9281,392.17
2020-08-11 07:54:00,2.9281,2.93,2.921,2.9288,876.24
2020-08-11 07:55:00,2.9288,2.9288,2.9288,2.9288,0.0
2020-08-11 07:56:00,2.9288,2.9626,2.9218,2.9224,5368.06
2020-08-11 07:57:00,2.9224,2.9224,2.9224,2.9224,0.0
2020-08-11 07:58:00,2.9224,2.9224,2.9224,2.9224,0.0
2020-08-11 07:59:00,2.9224,2.9224,2.9224,2.9224,0.0
2020-08-11 08:00:00,2.9224,2.9224,2.9224,2.9224,0.0
2020-08-11 08:01:00,2.9626,2.9626,2.9225,2.9225,4740.64
2020-08-11 08:02:00,2.9224,2.9224,2.9204,2.9204,3171.85
2020-08-11 08:03:00,2.9144,2.9144,2.9144,2.9144,330.43
2020-08-11 08:04:00,2.9144,2.9144,2.9144,2.9144,0.0
2020-08-11 08:05:00,2.9144,2.9144,2.9144,2.9144,0.0
2020-08-11 08:06:00,2.9153,2.9153,2.915,2.915,80.0
2020-08-11 08:07:00,2.915,2.915,2.915,2.915,0.0
2020-08-11 08:08:00,2.915,2.915,2.915,2.915,0.0
2020-08-11 08:09:00,2.915,2.915,2.915,2.915,0.0
2020-08-11 08:10:00,2.915,2.915,2.915,2.915,0.0
2020-08-11 08:11:00,2.915,2.915,2.915,2.915,0.0
2020-08-11 08:12:00,2.915,2.915,2.915,2.915,0.0
2020-08-11 08:13:00,2.9614,2.9614,2.9325,2.9326,5419.4
2020-08-11 08:14:00,2.9449,2.9614,2.9449,2.9614,162.54
2020-08-11 08:15:00,2.9613,2.9614,2.9413,2.9413,599.68
2020-08-11 08:16:00,2.956,2.9647,2.956,2.9647,958.61
2020-08-11 08:17:00,2.9662,2.9662,2.9662,2.9662,9.82
2020-08-11 08:18:00,2.9654,2.9655,2.9654,2.9655,1684.1
2020-08-11 08:19:00,2.9479,2.9549,2.9479,2.9549,19.6
2020-08-11 08:20:00,2.9549,2.9647,2.9549,2.9647,61.89
2020-08-11 08:21:00,2.9496,2.9496,2.9496,2.9496,9.0
2020-08-11 08:22:00,2.964,2.964,2.964,2.964,112.96
2020-08-11 08:23:00,2.9496,2.9496,2.9496,2.9496,60.0
2020-08-11 08:24:00,2.9496,2.9635,2.948,2.9635,72.48
2020-08-11 08:25:00,2.948,2.948,2.948,2.948,269.11
2020-08-11 08:26:00,2.9261,2.9571,2.9254,2.9278,1112.75
2020-08-11 08:27:00,2.9278,2.9278,2.9278,2.9278,0.0
2020-08-11 08:28:00,2.9278,2.9278,2.9278,2.9278,0.0
2020-08-11 08:29:00,2.9278,2.9278,2.9278,2.9278,0.0
2020-08-11 08:30:00,2.957,3.0,2.957,2.9676,101.53
2020-08-11 08:31:00,2.95,2.95,2.95,2.95,24.62
2020-08-11 08:32:00,2.9676,2.9676,2.9676,2.9676,336.97
2020-08-11 08:33:00,2.9676,2.9676,2.9676,2.9676,89.84
2020-08-11 08:34:00,2.9733,2.9733,2.9733,2.9733,366.27
2020-08-11 08:35:00,2.9733,2.9733,2.9733,2.9733,0.0
2020-08-11 08:36:00,2.9733,2.9733,2.9733,2.9733,0.0
2020-08-11 08:37:00,2.9733,2.9733,2.9733,2.9733,0.0
2020-08-11 08:38:00,2.9733,2.9733,2.9733,2.9733,0.0
2020-08-11 08:39:00,2.9676,2.9676,2.9676,2.9676,10.0
2020-08-11 08:40:00,2.9586,2.9586,2.9586,2.9586,559.72
2020-08-11 08:41:00,2.9501,2.9501,2.9501,2.9501,874.81
2020-08-11 08:42:00,2.9693,2.9693,2.9301,2.9301,126.81
2020-08-11 08:43:00,2.967,2.967,2.967,2.967,34.12
2020-08-11 08:44:00,2.967,2.967,2.967,2.967,6.74
2020-08-11 08:45:00,2.949,2.949,2.9301,2.9301,37.22
2020-08-11 08:46:00,2.9301,2.9301,2.9301,2.9301,0.0
2020-08-11 08:47:00,2.9301,2.9301,2.9301,2.9301,0.0
2020-08-11 08:48:00,2.9301,2.9301,2.9301,2.9301,0.0
2020-08-11 08:49:00,2.9302,2.9302,2.9302,2.9302,89.75
2020-08-11 08:50:00,2.9302,2.9302,2.9302,2.9302,0.0
2020-08-11 08:51:00,2.9302,2.9302,2.9302,2.9302,153.8
2020-08-11 08:52:00,2.9302,2.9302,2.9302,2.9302,0.0
2020-08-11 08:53:00,2.9302,2.9302,2.9302,2.9302,0.0
2020-08-11 08:54:00,2.9304,2.9317,2.9303,2.9317,268.07
2020-08-11 08:55:00,2.9317,2.9317,2.9317,2.9317,0.0
2020-08-11 08:56:00,2.9328,2.9328,2.9317,2.9317,1595.0
2020-08-11 08:57:00,2.9317,2.9317,2.9317,2.9317,0.0
2020-08-11 08:58:00,2.96,2.96,2.96,2.96,730.63
2020-08-11 08:59:00,2.96,2.96,2.96,2.96,0.0
2020-08-11 09:00:00,2.96,2.96,2.96,2.96,88.76
2020-08-11 09:01:00,2.9464,2.9464,2.9464,2.9464,17.0
2020-08-11 09:02:00,2.9464,2.9464,2.9464,2.9464,0.0
2020-08-11 09:03:00,2.9464,2.9464,2.9464,2.9464,0.0
2020-08-11 09:04:00,2.9465,2.9465,2.9407,2.9407,2483.07
2020-08-11 09:05:00,2.9407,2.9407,2.9407,2.9407,661.09
2020-08-11 09:06:00,2.9389,2.94,2.934,2.934,135.66
2020-08-11 09:07:00,2.934,2.934,2.934,2.934,0.0
2020-08-11 09:08:00,2.937,2.937,2.9302,2.9302,863.09
2020-08-11 09:09:00,2.9302,2.9302,2.9302,2.9302,1010.73
2020-08-11 09:10:00,2.9302,2.9302,2.9302,2.9302,3.65
2020-08-11 09:11:00,2.9302,2.9302,2.9286,2.9286,826.23
2020-08-11 09:12:00,2.9587,2.9587,2.9587,2.9587,4.0
2020-08-11 09:13:00,2.9587,2.9587,2.9587,2.9587,0.0
2020-08-11 09:14:00,2.9302,2.9383,2.9302,2.9383,656.01
2020-08-11 09:15:00,2.9383,2.9383,2.9383,2.9383,0.0
2020-08-11 09:16:00,2.9487,2.9487,2.9487,2.9487,315.61
2020-08-11 09:17:00,2.9487,2.9487,2.9487,2.9487,0.0
2020-08-11 09:18:00,2.9495,2.9495,2.9491,2.9491,1020.1
2020-08-11 09:19:00,2.9491,2.9491,2.9491,2.9491,0.0
2020-08-11 09:20:00,2.949,2.949,2.942,2.942,547.37
2020-08-11 09:21:00,2.942,2.942,2.942,2.942,0.0
2020-08-11 09:22:00,2.942,2.942,2.942,2.942,0.0
2020-08-11 09:23:00,2.9587,2.9588,2.9587,2.9588,15.76
2020-08-11 09:24:00,2.9588,2.9736,2.9588,2.9736,41.19
2020-08-11 09:25:00,2.9736,2.9736,2.9736,2.9736,800.37
2020-08-11 09:26:00,2.9588,2.9588,2.9588,2.9588,22.0
2020-08-11 09:27:00,2.9588,2.9588,2.9402,2.9402,693.38
2020-08-11 09:28:00,2.9402,2.9402,2.9402,2.9402,0.0
2020-08-11 09:29:00,2.9402,2.9402,2.9402,2.9402,0.0
2020-08-11 09:30:00,2.94,2.9725,2.938,2.938,592.6
2020-08-11 09:31:00,2.938,2.938,2.938,2.938,0.0
2020-08-11 09:32:00,2.9393,2.96,2.938,2.9416,2334.8
2020-08-11 09:33:00,2.9381,2.9381,2.938,2.938,203.62
2020-08-11 09:34:00,2.938,2.938,2.9328,2.9328,556.5
2020-08-11 09:35:00,2.9509,2.9509,2.9316,2.9319,2103.65
2020-08-11 09:36:00,2.9319,2.9319,2.9319,2.9319,0.0
2020-08-11 09:37:00,2.9319,2.9319,2.9319,2.9319,0.0
2020-08-11 09:38:00,2.9329,2.9329,2.9304,2.9304,329.67
2020-08-11 09:39:00,2.9307,2.9508,2.9304,2.9508,1116.9
2020-08-11 09:40:00,2.9406,2.9406,2.9406,2.9406,130.84
2020-08-11 09:41:00,2.9405,2.9406,2.9405,2.9406,50.0
2020-08-11 09:42:00,2.9406,2.9407,2.9405,2.9407,179.03
2020-08-11 09:43:00,2.9405,2.9405,2.9405,2.9405,360.66
2020-08-11 09:44:00,2.9407,2.9407,2.9407,2.9407,549.32
2020-08-11 09:45:00,2.9407,2.9407,2.9407,2.9407,537.0
2020-08-11 09:46:00,2.9407,2.9407,2.9407,2.9407,151.0
2020-08-11 09:47:00,2.9407,2.9407,2.9307,2.9307,356.75
2020-08-11 09:48:00,2.9303,2.9303,2.9302,2.9302,280.27
2020-08-11 09:49:00,2.9507,2.9507,2.9507,2.9507,16.95
2020-08-11 09:50:00,2.9303,2.9303,2.9148,2.9148,1165.14
2020-08-11 09:51:00,2.9148,2.9148,2.9148,2.9148,0.0
2020-08-11 09:52:00,2.9148,2.9148,2.9148,2.9148,0.0
2020-08-11 09:53:00,2.9148,2.9148,2.9148,2.9148,204.67
2020-08-11 09:54:00,2.9148,2.9148,2.9148,2.9148,617.0
2020-08-11 09:55:00,2.9148,2.9148,2.9059,2.9084,1461.4
2020-08-11 09:56:00,2.9015,2.9015,2.8798,2.9012,686.57
2020-08-11 09:57:00,2.8798,2.8975,2.862,2.862,852.25
2020-08-11 09:58:00,2.8621,2.8621,2.85,2.8543,710.06
2020-08-11 09:59:00,2.8973,2.8973,2.8543,2.8543,619.51
2020-08-11 10:00:00,2.8566,2.8754,2.85,2.8549,2116.46
2020-08-11 10:01:00,2.8645,2.8755,2.8501,2.8755,851.59
2020-08-11 10:02:00,2.8558,2.8558,2.8557,2.8557,230.0
2020-08-11 10:03:00,2.8557,2.8557,2.8557,2.8557,0.0
2020-08-11 10:04:00,2.8595,2.8595,2.85,2.85,2102.89
2020-08-11 10:05:00,2.8601,2.8719,2.8433,2.8719,807.42
2020-08-11 10:06:00,2.8611,2.8611,2.861,2.861,315.0
2020-08-11 10:07:00,2.8719,2.8856,2.8617,2.8617,422.19
2020-08-11 10:08:00,2.8856,2.9048,2.8856,2.9048,22.37
2020-08-11 10:09:00,2.8618,2.8618,2.8618,2.8618,100.0
2020-08-11 10:10:00,2.8841,2.9048,2.8841,2.9048,46.97
2020-08-11 10:11:00,2.9048,2.9244,2.889,2.889,2946.57
2020-08-11 10:12:00,2.8814,2.9285,2.8814,2.9044,1617.46
2020-08-11 10:13:00,2.9106,2.9106,2.9,2.9,14.5
2020-08-11 10:14:00,2.9,2.9,2.9,2.9,0.0
2020-08-11 10:15:00,2.9,2.9,2.9,2.9,0.0
2020-08-11 10:16:00,2.885,2.885,2.8809,2.8809,2184.98
2020-08-11 10:17:00,2.8809,2.8809,2.8809,2.8809,0.0
2020-08-11 10:18:00,2.8809,2.8809,2.8809,2.8809,0.0
2020-08-11 10:19:00,2.8809,2.881,2.8809,2.8809,1878.63
2020-08-11 10:20:00,2.8701,2.9251,2.8544,2.8992,2392.29
2020-08-11 10:21:00,2.8705,2.8992,2.8705,2.8992,27.59
2020-08-11 10:22:00,2.8703,2.8703,2.8702,2.8702,23.34
2020-08-11 10:23:00,2.86,2.86,2.86,2.86,58.47
2020-08-11 10:24:00,2.8543,2.8543,2.8543,2.8543,179.51
2020-08-11 10:25:00,2.8543,2.8543,2.8543,2.8543,6.0
2020-08-11 10:26:00,2.8543,2.8543,2.8543,2.8543,72.27
2020-08-11 10:27:00,2.8867,2.8868,2.8646,2.8646,581.58
2020-08-11 10:28:00,2.8867,2.8867,2.8867,2.8867,11.0
2020-08-11 10:29:00,2.8663,2.8663,2.8607,2.8608,2000.98
2020-08-11 10:30:00,2.8614,2.8614,2.8614,2.8614,101.93
2020-08-11 10:31:00,2.8614,2.8614,2.8614,2.8614,0.0
2020-08-11 10:32:00,2.8614,2.8614,2.8614,2.8614,0.0
2020-08-11 10:33:00,2.88,2.8867,2.8701,2.8701,716.75
2020-08-11 10:34:00,2.8701,2.8701,2.8701,2.8701,0.71
2020-08-11 10:35:00,2.8871,2.8871,2.867,2.867,1532.95
2020-08-11 10:36:00,2.8669,2.8669,2.8615,2.8615,1519.0
2020-08-11 10:37:00,2.887,2.887,2.887,2.887,10.38
2020-08-11 10:38:00,2.887,2.887,2.887,2.887,0.0
2020-08-11 10:39:00,2.887,2.887,2.887,2.887,3.48
2020-08-11 10:40:00,2.887,2.8871,2.886,2.886,151.59
2020-08-11 10:41:00,2.869,2.9329,2.869,2.9076,721.99
2020-08-11 10:42:00,2.9179,2.9179,2.91,2.91,349.33
2020-08-11 10:43:00,2.8928,2.8928,2.8855,2.8855,125.0
2020-08-11 10:44:00,2.8855,2.8855,2.8855,2.8855,0.0
2020-08-11 10:45:00,2.8855,2.8855,2.8855,2.8855,0.0
2020-08-11 10:46:00,2.8855,2.8855,2.8855,2.8855,0.0
2020-08-11 10:47:00,2.8855,2.8855,2.8855,2.8855,0.0
2020-08-11 10:48:00,2.8855,2.8855,2.8855,2.8855,0.0
2020-08-11 10:49:00,2.9,2.9172,2.8975,2.8975,405.24
2020-08-11 10:50:00,2.8974,2.8974,2.8974,2.8974,12.82
2020-08-11 10:51:00,2.8974,2.8974,2.8974,2.8974,0.0
2020-08-11 10:52:00,2.8974,2.8974,2.8974,2.8974,0.0
2020-08-11 10:53:00,2.8974,2.8974,2.8974,2.8974,0.0
2020-08-11 10:54:00,2.9166,2.9166,2.8976,2.8976,24.71
2020-08-11 10:55:00,2.8976,2.8976,2.8976,2.8976,0.0
2020-08-11 10:56:00,2.8976,2.8976,2.8976,2.8976,0.0
2020-08-11 10:57:00,2.8976,2.8976,2.8976,2.8976,0.0
2020-08-11 10:58:00,2.8976,2.8976,2.8976,2.8976,0.0
2020-08-11 10:59:00,2.8976,2.8976,2.8976,2.8976,0.0
2020-08-11 11:00:00,2.8976,2.8976,2.8976,2.8976,0.0
2020-08-11 11:01:00,2.8976,2.8976,2.8976,2.8976,0.0
2020-08-11 11:02:00,2.9167,2.956,2.9015,2.9015,579.8
2020-08-11 11:03:00,2.906,2.92,2.906,2.92,746.38
2020-08-11 11:04:00,2.92,2.92,2.92,2.92,18.12
2020-08-11 11:05:00,2.9259,2.9762,2.92,2.92,385.47
2020-08-11 11:06:00,2.9388,2.9388,2.9388,2.9388,380.1
2020-08-11 11:07:00,2.9464,2.9464,2.9464,2.9464,40.45
2020-08-11 11:08:00,2.9464,2.9464,2.9464,2.9464,0.0
2020-08-11 11:09:00,2.9464,2.9464,2.9464,2.9464,0.0
2020-08-11 11:10:00,2.9464,2.9464,2.9464,2.9464,0.0
2020-08-11 11:11:00,2.9464,2.9464,2.9464,2.9464,0.0
2020-08-11 11:12:00,2.9464,2.9464,2.9464,2.9464,0.0
2020-08-11 11:13:00,2.9761,2.9761,2.9761,2.9761,7.75
2020-08-11 11:14:00,2.9756,2.9761,2.956,2.956,650.93
2020-08-11 11:15:00,2.9615,2.9615,2.9615,2.9615,3.45
2020-08-11 11:16:00,2.956,2.956,2.956,2.956,83.0
2020-08-11 11:17:00,2.956,2.956,2.956,2.956,0.0
2020-08-11 11:18:00,2.9762,2.9762,2.9762,2.9762,61.98
2020-08-11 11:19:00,2.95,2.95,2.95,2.95,58.68
2020-08-11 11:20:00,2.95,2.95,2.95,2.95,0.0
2020-08-11 11:21:00,2.95,2.95,2.95,2.95,159.14
2020-08-11 11:22:00,2.95,2.95,2.95,2.95,0.0
2020-08-11 11:23:00,2.95,2.95,2.95,2.95,0.0
2020-08-11 11:24:00,2.95,2.95,2.95,2.95,0.0
2020-08-11 11:25:00,2.96,2.96,2.96,2.96,3.59
2020-08-11 11:26:00,2.96,2.96,2.96,2.96,0.0
2020-08-11 11:27:00,2.96,2.96,2.96,2.96,0.0
2020-08-11 11:28:00,2.9754,2.9755,2.9754,2.9755,472.0
2020-08-11 11:29:00,2.9747,2.9747,2.9747,2.9747,9.62
2020-08-11 11:30:00,2.97,2.97,2.9601,2.9601,23.21
2020-08-11 11:31:00,2.9751,2.9762,2.96,2.9762,1275.2
2020-08-11 11:32:00,2.9762,2.9762,2.9761,2.9762,346.13
2020-08-11 11:33:00,2.9762,3.0,2.9762,3.0,3434.52
2020-08-11 11:34:00,3.0037,3.0376,3.0037,3.0115,231.17
2020-08-11 11:35:00,3.0376,3.0376,3.0376,3.0376,100.0
2020-08-11 11:36:00,3.0376,3.0376,3.0094,3.01,288.54
2020-08-11 11:37:00,3.0128,3.1,3.0128,3.0502,191.26
2020-08-11 11:38:00,3.0502,3.0502,3.0502,3.0502,19.7
2020-08-11 11:39:00,3.0502,3.0502,3.0502,3.0502,0.0
2020-08-11 11:40:00,3.0502,3.0502,3.0502,3.0502,0.0
2020-08-11 11:41:00,3.0502,3.0502,3.0502,3.0502,0.0
2020-08-11 11:42:00,3.0502,3.0502,3.0502,3.0502,140.97
2020-08-11 11:43:00,3.0502,3.0502,3.0502,3.0502,0.0
2020-08-11 11:44:00,3.0502,3.0502,3.0502,3.0502,0.0
2020-08-11 11:45:00,3.0402,3.0777,3.0273,3.0273,1267.66
2020-08-11 11:46:00,3.0273,3.0273,3.0273,3.0273,0.0
2020-08-11 11:47:00,3.05,3.05,3.05,3.05,229.5
2020-08-11 11:48:00,3.05,3.05,3.05,3.05,0.0
2020-08-11 11:49:00,3.0306,3.0436,3.0306,3.0436,45.48
2020-08-11 11:50:00,3.0436,3.0436,3.0436,3.0436,0.0
2020-08-11 11:51:00,3.0426,3.0534,3.0426,3.0534,347.0
2020-08-11 11:52:00,3.0534,3.0534,3.0534,3.0534,0.0
2020-08-11 11:53:00,3.048,3.048,3.048,3.048,539.35
2020-08-11 11:54:00,3.048,3.048,3.048,3.048,0.0
2020-08-11 11:55:00,3.0454,3.0498,3.0454,3.0498,159.47
2020-08-11 11:56:00,3.0454,3.0454,3.0388,3.0388,19.24
2020-08-11 11:57:00,3.0388,3.0388,3.0388,3.0388,25.0
2020-08-11 11:58:00,3.0498,3.0498,3.0498,3.0498,3.93
2020-08-11 11:59:00,3.0496,3.0497,3.0496,3.0497,126.74
2020-08-11 12:00:00,3.0497,3.0497,3.0497,3.0497,0.0
2020-08-11 12:01:00,3.0497,3.0666,3.0497,3.0665,84.5
2020-08-11 12:02:00,3.0488,3.1017,3.0488,3.1017,4112.57
2020-08-11 12:03:00,3.1109,3.1448,3.1109,3.1448,1715.42
2020-08-11 12:04:00,3.1448,3.1958,3.1339,3.1751,7441.59
2020-08-11 12:05:00,3.177,3.2,3.1592,3.2,3918.21
2020-08-11 12:06:00,3.1808,3.2865,3.1805,3.25,4079.66
2020-08-11 12:07:00,3.2491,3.3,3.2491,3.2999,2294.57
2020-08-11 12:08:00,3.3,3.3077,3.2746,3.3,3745.26
2020-08-11 12:09:00,3.3012,3.3278,3.3,3.3061,10950.02
2020-08-11 12:10:00,3.3127,3.3127,3.3,3.3,4181.33
2020-08-11 12:11:00,3.3,3.329,3.2119,3.2329,10983.33
2020-08-11 12:12:00,3.2089,3.2089,3.177,3.1771,9500.6
2020-08-11 12:13:00,3.1771,3.1829,3.1624,3.1624,927.42
2020-08-11 12:14:00,3.1626,3.2352,3.1626,3.2218,776.69
2020-08-11 12:15:00,3.2218,3.2249,3.2053,3.2157,614.75
2020-08-11 12:16:00,3.2157,3.2243,3.2087,3.2087,2218.46
2020-08-11 12:17:00,3.2038,3.2167,3.2005,3.2005,636.86
2020-08-11 12:18:00,3.2114,3.2114,3.186,3.186,202.73
2020-08-11 12:19:00,3.2079,3.2114,3.2071,3.2114,146.78
2020-08-11 12:20:00,3.2042,3.22,3.2042,3.22,436.6
2020-08-11 12:21:00,3.23,3.25,3.2237,3.2237,243.85
2020-08-11 12:22:00,3.224,3.227,3.1871,3.1871,3802.88
2020-08-11 12:23:00,3.2032,3.2126,3.187,3.187,782.95
2020-08-11 12:24:00,3.1869,3.1886,3.1869,3.187,1419.45
2020-08-11 12:25:00,3.203,3.25,3.1909,3.1909,1322.19
2020-08-11 12:26:00,3.2011,3.2153,3.2,3.2153,1062.32
2020-08-11 12:27:00,3.2004,3.2004,3.2004,3.2004,321.26
2020-08-11 12:28:00,3.2153,3.2153,3.2153,3.2153,140.24
2020-08-11 12:29:00,3.23,3.25,3.2243,3.2498,180.75
2020-08-11 12:30:00,3.2647,3.2837,3.2647,3.2837,1840.3
2020-08-11 12:31:00,3.2675,3.2814,3.2658,3.2744,826.64
2020-08-11 12:32:00,3.2744,3.2744,3.249,3.2688,216.94
2020-08-11 12:33:00,3.2525,3.2623,3.239,3.2491,1601.36
2020-08-11 12:34:00,3.2388,3.2388,3.2,3.21,1511.27
2020-08-11 12:35:00,3.21,3.21,3.1909,3.2023,1200.08
2020-08-11 12:36:00,3.2022,3.2023,3.18,3.1825,1782.12
2020-08-11 12:37:00,3.1825,3.2125,3.1684,3.2125,9494.93
2020-08-11 12:38:00,3.2125,3.243,3.2061,3.243,3429.62
2020-08-11 12:39:00,3.2509,3.2799,3.2008,3.2254,3085.84
2020-08-11 12:40:00,3.2307,3.2899,3.2307,3.2615,3210.7
2020-08-11 12:41:00,3.266,3.2661,3.2553,3.2589,1104.78
2020-08-11 12:42:00,3.2665,3.2899,3.2615,3.2899,240.64
2020-08-11 12:43:00,3.2897,3.2899,3.2745,3.2797,388.03
2020-08-11 12:44:00,3.2772,3.2896,3.2771,3.2896,596.79
2020-08-11 12:45:00,3.2895,3.2898,3.2773,3.2809,588.61
2020-08-11 12:46:00,3.2898,3.3,3.2809,3.3,3547.31
2020-08-11 12:47:00,3.281,3.2811,3.2511,3.2511,5170.49
2020-08-11 12:48:00,3.255,3.2675,3.2511,3.2675,828.1
2020-08-11 12:49:00,3.2674,3.2674,3.2511,3.2511,864.07
2020-08-11 12:50:00,3.2503,3.2511,3.2449,3.2511,603.41
2020-08-11 12:51:00,3.2511,3.2511,3.2511,3.2511,0.0
2020-08-11 12:52:00,3.2484,3.2552,3.2,3.2,1451.14
2020-08-11 12:53:00,3.1938,3.1938,3.166,3.166,549.51
2020-08-11 12:54:00,3.1663,3.1663,3.166,3.166,1122.95
2020-08-11 12:55:00,3.166,3.166,3.124,3.124,3364.51
2020-08-11 12:56:00,3.1241,3.15,3.1241,3.15,5185.66
2020-08-11 12:57:00,3.129,3.129,3.1215,3.1222,31.01
2020-08-11 12:58:00,3.1212,3.1256,3.116,3.1256,2723.88
2020-08-11 12:59:00,3.116,3.1256,3.1,3.1111,1975.79
2020-08-11 13:00:00,3.111,3.1111,3.111,3.111,1740.29
2020-08-11 13:01:00,3.1168,3.121,3.1111,3.1111,954.04
2020-08-11 13:02:00,3.1111,3.1111,3.0823,3.0834,2440.3
2020-08-11 13:03:00,3.058,3.06,3.0001,3.018,9426.49
2020-08-11 13:04:00,3.033,3.0437,3.015,3.026,2892.89
2020-08-11 13:05:00,3.0272,3.0393,3.0269,3.0392,114.73
2020-08-11 13:06:00,3.039,3.0441,3.039,3.0441,1471.34
2020-08-11 13:07:00,3.0326,3.0326,3.0053,3.0053,642.44
2020-08-11 13:08:00,3.0102,3.0286,3.0,3.0,1229.84
2020-08-11 13:09:00,3.0095,3.0095,2.982,2.982,1838.69
2020-08-11 13:10:00,2.9723,2.9723,2.97,2.97,11.38
2020-08-11 13:11:00,2.97,2.97,2.9522,2.9522,374.37
2020-08-11 13:12:00,2.9522,2.9751,2.9481,2.9606,1895.21
2020-08-11 13:13:00,2.9492,2.9602,2.9295,2.9295,2831.47
2020-08-11 13:14:00,2.9235,2.9236,2.92,2.92,859.9
2020-08-11 13:15:00,2.9277,2.9278,2.9,2.9,2034.21
2020-08-11 13:16:00,2.9,2.9228,2.8625,2.9106,6082.49
2020-08-11 13:17:00,2.8981,2.8982,2.8793,2.8809,4477.13
2020-08-11 13:18:00,2.8812,2.8998,2.8794,2.8998,1060.21
2020-08-11 13:19:00,2.8998,2.9153,2.8998,2.9066,4044.58
2020-08-11 13:20:00,2.9063,2.9452,2.9,2.9425,2609.86
2020-08-11 13:21:00,2.9425,2.9846,2.9368,2.96,2166.88
2020-08-11 13:22:00,2.9702,2.9702,2.9702,2.9702,85.02
2020-08-11 13:23:00,2.9806,2.9806,2.972,2.972,1058.6
2020-08-11 13:24:00,2.972,2.972,2.97,2.97,285.96
2020-08-11 13:25:00,2.9803,2.9803,2.9803,2.9803,69.2
2020-08-11 13:26:00,2.9781,2.9781,2.9774,2.9774,1058.53
2020-08-11 13:27:00,2.9774,2.9887,2.9774,2.9822,4061.23
2020-08-11 13:28:00,2.98,2.98,2.97,2.9753,5365.5
2020-08-11 13:29:00,2.9717,2.972,2.9658,2.972,1237.46
2020-08-11 13:30:00,2.9658,2.9799,2.9611,2.9692,3048.48
2020-08-11 13:31:00,2.9648,2.9648,2.9609,2.9609,2200.87
2020-08-11 13:32:00,2.9778,2.9797,2.9,2.91,10780.76
2020-08-11 13:33:00,2.8994,2.9598,2.8713,2.91,8547.38
2020-08-11 13:34:00,2.9112,2.9136,2.901,2.901,3922.41
2020-08-11 13:35:00,2.9168,2.9221,2.8887,2.91,9167.7
2020-08-11 13:36:00,2.9035,2.9105,2.8901,2.9024,1551.61
2020-08-11 13:37:00,2.8922,2.8995,2.8902,2.8995,8208.81
2020-08-11 13:38:00,2.8995,2.913,2.8947,2.913,2560.11
2020-08-11 13:39:00,2.9103,2.9353,2.9064,2.9353,4148.37
2020-08-11 13:40:00,2.929,3.0096,2.929,2.9846,7269.39
2020-08-11 13:41:00,2.9923,3.0486,2.9923,3.0486,9016.55
2020-08-11 13:42:00,3.0486,3.08,3.0341,3.0772,5968.69
2020-08-11 13:43:00,3.0772,3.1304,3.0767,3.1238,14025.32
2020-08-11 13:44:00,3.1304,3.1417,3.1199,3.1417,4215.11
2020-08-11 13:45:00,3.1417,3.1999,3.1417,3.1999,5237.92
2020-08-11 13:46:00,3.2,3.206,3.1815,3.2,2423.55
2020-08-11 13:47:00,3.2,3.2,3.1873,3.194,3631.94
2020-08-11 13:48:00,3.1873,3.1932,3.1447,3.1612,4857.85
2020-08-11 13:49:00,3.156,3.1701,3.146,3.1545,5524.68
2020-08-11 13:50:00,3.1569,3.16,3.146,3.1477,4782.74
2020-08-11 13:51:00,3.1488,3.1599,3.1455,3.1478,3258.89
2020-08-11 13:52:00,3.1597,3.1599,3.1478,3.1478,1318.79
2020-08-11 13:53:00,3.1575,3.1914,3.1479,3.1914,4420.07
2020-08-11 13:54:00,3.1938,3.2453,3.1938,3.2266,7656.31
2020-08-11 13:55:00,3.2323,3.2323,3.1471,3.2264,4075.99
2020-08-11 13:56:00,3.2265,3.2307,3.1616,3.2307,6573.12
2020-08-11 13:57:00,3.2307,3.24,3.15,3.2307,8152.64
2020-08-11 13:58:00,3.2219,3.2458,3.2219,3.2458,5280.16
2020-08-11 13:59:00,3.2358,3.2768,3.2358,3.2768,6782.8
2020-08-11 14:00:00,3.2787,3.29,3.2673,3.2797,3650.58
2020-08-11 14:01:00,3.2797,3.3166,3.2797,3.3166,8539.91
2020-08-11 14:02:00,3.3166,3.3208,3.3119,3.3119,4848.47
2020-08-11 14:03:00,3.3162,3.3368,3.3119,3.3368,4390.64
2020-08-11 14:04:00,3.3191,3.3334,3.3168,3.325,3332.83
2020-08-11 14:05:00,3.325,3.3299,3.3121,3.3284,6203.73
2020-08-11 14:06:00,3.32,3.3283,3.3121,3.3122,2570.13
2020-08-11 14:07:00,3.3283,3.346,3.3219,3.3444,7204.2
2020-08-11 14:08:00,3.35,3.35,3.346,3.3499,1671.21
2020-08-11 14:09:00,3.3499,3.3818,3.3399,3.369,9936.71
2020-08-11 14:10:00,3.37,3.4293,3.37,3.4099,11130.1
2020-08-11 14:11:00,3.4275,3.4305,3.4101,3.4299,2324.28
2020-08-11 14:12:00,3.4299,3.5,3.4299,3.4817,4173.11
2020-08-11 14:13:00,3.4817,3.5208,3.4526,3.49,26970.78
2020-08-11 14:14:00,3.4881,3.5,3.3999,3.3999,14198.15
2020-08-11 14:15:00,3.3999,3.4868,3.347,3.3931,18925.24
2020-08-11 14:16:00,3.4234,3.4399,3.3622,3.4017,9937.14
2020-08-11 14:17:00,3.3691,3.4279,3.3691,3.4279,2629.45
2020-08-11 14:18:00,3.4199,3.4199,3.3835,3.4,3900.98
2020-08-11 14:19:00,3.4012,3.4199,3.3327,3.3327,4777.88
